date,temp_max,temp_min,temp,feelslike,humidity,dew,precip,precip_prob,snow,windgust,windspeed,winddir,pressure,cloudcover,visibility,uvindex,sunrise,sunset,conditions,description
22-07-2024,27.9,20.2,23.7,24.1,82.3,20.4,0.2,100,0,55.8,31.7,253.5,1012.8,82.4,5.7,5,06:03:06,18:49:12,"Rain, Partially cloudy",Partly cloudy throughout the day with afternoon rain.
23-07-2024,28.0,21.4,24.1,24.4,83.3,21.0,0.5,100,0,54.0,29.5,248.5,1013.5,83.7,5.6,6,06:03:21,18:49:00,"Rain, Partially cloudy",Partly cloudy throughout the day with rain in the morning and afternoon.
24-07-2024,26.0,20.4,23.0,23.0,86.2,20.5,3.0,100,0,61.6,26.1,249.4,1011.9,78.7,6.0,5,06:03:35,18:48:48,"Rain, Partially cloudy",Partly cloudy throughout the day with rain.
25-07-2024,26.9,20.4,22.9,23.0,89.4,21.0,0.5,100,0,76.7,33.8,252.6,1010.3,88.5,5.5,7,06:03:49,18:48:35,"Rain, Partially cloudy",Partly cloudy throughout the day with afternoon rain.
26-07-2024,27.9,21.0,23.6,24.0,85.7,21.0,0.9,100,0,67.7,29.7,260.3,1010.6,74.4,5.7,5,06:04:03,18:48:20,"Rain, Partially cloudy",Partly cloudy throughout the day with late afternoon rain.
27-07-2024,29.0,20.9,24.4,24.8,77.7,20.0,0.3,100,0,64.1,33.6,264.4,1011.1,79.8,6.4,8,06:04:17,18:48:05,"Rain, Partially cloudy",Partly cloudy throughout the day with rain clearing later.
28-07-2024,26.0,21.7,23.7,23.7,80.9,20.2,0.3,100,0,61.9,29.0,250.5,1009.4,60.5,6.5,5,06:04:30,18:47:49,"Rain, Partially cloudy",Partly cloudy throughout the day with afternoon rain.
29-07-2024,29.0,21.2,24.5,25.0,80.9,20.9,4.0,100,0,57.6,29.5,245.5,1008.8,70.3,6.4,6,06:04:43,18:47:32,"Rain, Partially cloudy",Partly cloudy throughout the day with rain.
30-07-2024,27.0,21.1,23.3,23.5,87.9,21.1,4.5,100,0,49.3,28.0,239.8,1012.2,83.4,6.1,5,06:04:56,18:47:15,"Rain, Partially cloudy",Partly cloudy throughout the day with rain.
31-07-2024,28.8,20.4,23.3,23.7,86.6,20.9,28.0,100,0,47.9,22.1,244.5,1013.3,78.5,5.8,5,06:05:08,18:46:56,"Rain, Partially cloudy",Partly cloudy throughout the day with late afternoon rain.
01-08-2024,27.8,20.4,23.4,23.6,85.9,20.8,0.5,100,0,43.6,25.8,248.3,1013.2,68.8,6.6,4,06:05:20,18:46:36,"Rain, Partially cloudy",Partly cloudy throughout the day with late afternoon rain.
02-08-2024,27.9,20.9,23.6,24.0,88.1,21.5,2.5,100,0,50.4,24.2,245.9,1013.1,88.2,5.8,6,06:05:32,18:46:16,"Rain, Partially cloudy",Partly cloudy throughout the day with early morning rain.
03-08-2024,27.9,20.4,23.8,24.1,84.3,20.9,5.2,100,0,49.3,22.4,248.8,1014.1,86.6,6.3,6,06:05:43,18:45:55,"Rain, Partially cloudy",Partly cloudy throughout the day with a chance of rain throughout the day.
04-08-2024,28.9,20.4,24.9,25.5,78.0,20.6,0.1,100,0,43.6,22.3,249.8,1014.3,69.7,6.6,6,06:05:54,18:45:33,"Rain, Partially cloudy",Partly cloudy throughout the day with afternoon rain.
05-08-2024,28.9,21.2,24.2,24.7,82.1,20.8,38.0,100,0,37.8,18.4,258.9,1014.2,74.1,6.2,7,06:06:05,18:45:10,"Rain, Partially cloudy",Partly cloudy throughout the day with rain.
06-08-2024,28.9,20.9,23.6,24.2,86.2,21.1,0.3,100,0,34.6,18.4,252.1,1013.3,85.1,6.1,4,06:06:15,18:44:46,"Rain, Partially cloudy",Partly cloudy throughout the day with afternoon rain.
07-08-2024,26.9,20.4,23.3,23.4,87.1,20.9,6.0,100,0,33.8,15.1,260.5,1013.3,87.4,5.8,4,06:06:25,18:44:22,"Rain, Partially cloudy",Partly cloudy throughout the day with late afternoon rain.
08-08-2024,27.9,21.1,24.2,24.6,82.9,21.0,4.5,100,0,38.5,20.4,263.6,1014.0,70.6,6.1,4,06:06:34,18:43:56,"Rain, Partially cloudy",Partly cloudy throughout the day with a chance of rain throughout the day.
09-08-2024,28.9,21.1,24.9,25.6,77.6,20.5,15.9,100,0,34.9,16.4,279.5,1014.2,71.4,6.9,6,06:06:43,18:43:30,"Rain, Partially cloudy",Partly cloudy throughout the day with a chance of rain throughout the day.
10-08-2024,28.9,21.7,24.7,25.1,84.8,21.9,3.3,100,0,32.4,14.8,270.9,1014.2,73.2,6.1,7,06:06:52,18:43:03,"Rain, Partially cloudy",Partly cloudy throughout the day with rain.
11-08-2024,30.9,22.2,26.3,27.5,75.9,21.5,7.9,100,0,31.7,16.6,308.8,1012.2,57.0,6.8,8,06:07:01,18:42:36,"Rain, Partially cloudy",Partly cloudy throughout the day with rain.
12-08-2024,30.9,21.9,26.0,27.6,82.3,22.6,5.9,100,0,28.4,14.7,315.0,1011.7,65.7,6.3,6,06:07:08,18:42:07,"Rain, Partially cloudy",Partly cloudy throughout the day with rain.
13-08-2024,30.9,22.9,26.5,27.9,78.1,22.0,0.5,100,0,29.5,16.4,85.0,1011.8,60.8,6.8,8,06:07:16,18:41:38,"Rain, Partially cloudy",Partly cloudy throughout the day with early morning rain.
14-08-2024,30.9,23.4,26.9,28.3,75.8,22.0,1.6,100,0,27.0,14.6,105.2,1011.1,59.1,5.9,9,06:07:23,18:41:08,"Rain, Partially cloudy",Partly cloudy throughout the day with rain.
15-08-2024,29.9,23.8,26.5,28.2,80.3,22.7,0.1,100,0,20.5,12.9,132.4,1010.5,57.8,6.4,7,06:07:30,18:40:38,"Rain, Partially cloudy",Partly cloudy throughout the day with afternoon rain.
16-08-2024,30.8,23.7,26.5,28.2,82.7,23.2,13.0,100,0,19.4,11.0,168.7,1009.7,78.1,5.6,8,06:07:37,18:40:07,"Rain, Partially cloudy",Partly cloudy throughout the day with rain.
17-08-2024,31.9,22.0,26.8,28.7,78.4,22.6,5.4,100,0,28.4,12.8,161.5,1010.6,71.0,6.4,7,06:07:43,18:39:35,"Rain, Partially cloudy",Partly cloudy throughout the day with rain.
18-08-2024,29.9,22.7,25.4,26.3,83.5,22.3,0.5,100,0,20.5,18.7,235.8,1011.9,70.3,6.6,8,06:07:48,18:39:02,"Rain, Partially cloudy",Partly cloudy throughout the day with late afternoon rain.
19-08-2024,30.0,22.4,25.4,26.5,84.4,22.4,4.0,100,0,22.3,14.6,234.2,1011.1,56.0,5.6,7,06:07:54,18:38:29,"Rain, Partially cloudy",Partly cloudy throughout the day with afternoon rain.
20-08-2024,29.9,22.1,25.8,27.1,81.5,22.3,17.0,100,0,20.2,14.6,178.4,1011.2,71.1,6.4,8,06:07:59,18:37:55,"Rain, Partially cloudy",Partly cloudy throughout the day with rain.
21-08-2024,29.0,22.1,25.3,26.0,81.4,21.7,3.2,100,0,37.8,22.2,201.0,1012.4,67.8,6.0,9,06:08:04,18:37:21,"Rain, Partially cloudy",Partly cloudy throughout the day with rain.
22-08-2024,29.9,20.7,25.0,25.8,76.2,20.4,0.2,100,0,44.6,24.2,230.3,1013.8,61.5,6.9,6,06:08:08,18:36:46,"Rain, Partially cloudy",Partly cloudy throughout the day with rain in the morning and afternoon.
23-08-2024,29.9,22.1,25.7,26.7,75.3,20.8,0.1,100,0,40.3,18.8,233.5,1014.5,50.8,6.9,7,06:08:12,18:36:11,"Rain, Partially cloudy",Partly cloudy throughout the day with afternoon rain.
24-08-2024,28.9,21.4,25.0,25.5,76.6,20.4,0.7,100,0,50.4,31.4,239.9,1014.9,61.5,6.4,6,06:08:16,18:35:35,"Rain, Partially cloudy",Partly cloudy throughout the day with rain.
25-08-2024,28.9,21.4,24.3,24.8,78.3,20.1,0.0,0,0,48.2,31.5,245.8,1014.3,62.5,6.6,5,06:08:19,18:34:58,Partially cloudy,Partly cloudy throughout the day.
26-08-2024,28.9,20.9,24.5,24.9,76.5,19.9,0.2,100,0,51.1,31.7,245.3,1013.4,63.5,6.8,6,06:08:23,18:34:21,"Rain, Partially cloudy",Partly cloudy throughout the day with rain in the morning and afternoon.
27-08-2024,28.9,21.4,24.4,24.9,78.8,20.3,0.7,100,0,46.4,25.7,248.9,1014.5,63.9,6.3,6,06:08:26,18:33:43,"Rain, Partially cloudy",Partly cloudy throughout the day with rain.
28-08-2024,26.9,21.2,23.9,24.2,80.5,20.2,4.5,100,0,45.0,24.1,250.0,1014.8,76.1,6.4,6,06:08:28,18:33:05,"Rain, Partially cloudy",Partly cloudy throughout the day with rain.
29-08-2024,26.9,20.7,22.9,23.0,87.4,20.7,27.0,100,0,47.5,24.0,248.6,1013.0,85.5,5.9,7,06:08:31,18:32:27,"Rain, Partially cloudy",Partly cloudy throughout the day with afternoon rain.
30-08-2024,27.9,20.4,23.2,23.5,84.4,20.3,7.0,100,0,43.2,22.5,260.2,1012.6,72.5,6.2,6,06:08:33,18:31:48,"Rain, Partially cloudy",Partly cloudy throughout the day with rain.
31-08-2024,25.9,21.1,23.4,23.4,84.5,20.6,3.3,100,0,47.2,24.3,263.1,1012.6,79.5,6.1,4,06:08:35,18:31:09,"Rain, Partially cloudy",Partly cloudy throughout the day with rain.
01-09-2024,29.9,21.4,24.5,25.1,77.8,20.2,1.5,100,0,56.9,27.8,268.8,1011.5,70.0,6.3,7,06:08:36,18:30:29,"Rain, Partially cloudy",Partly cloudy throughout the day with rain.
02-09-2024,29.9,21.4,24.3,24.6,80.8,20.7,2.1,100,0,47.5,27.7,241.8,1012.1,62.5,6.3,8,06:08:38,18:29:49,"Rain, Partially cloudy",Partly cloudy throughout the day with a chance of rain throughout the day.
03-09-2024,28.9,21.2,24.5,24.8,78.9,20.4,0.4,100,0,47.5,24.2,244.7,1013.3,69.4,6.0,6,06:08:39,18:29:09,"Rain, Partially cloudy",Partly cloudy throughout the day with afternoon rain.
04-09-2024,28.9,21.4,24.5,24.9,78.7,20.4,0.2,100,0,47.2,24.1,259.7,1013.7,69.1,5.9,6,06:08:40,18:28:28,"Rain, Partially cloudy",Partly cloudy throughout the day with late afternoon rain.
05-09-2024,29.9,21.4,25.2,25.8,77.3,20.6,1.1,100,0,46.8,24.0,260.8,1012.7,72.5,6.6,8,06:08:41,18:27:47,"Rain, Partially cloudy",Partly cloudy throughout the day with a chance of rain throughout the day.
06-09-2024,27.9,21.4,24.2,24.5,77.5,19.9,0.6,100,0,49.0,24.1,264.8,1012.9,72.4,6.5,7,06:08:42,18:27:06,"Rain, Partially cloudy",Partly cloudy throughout the day with rain.
07-09-2024,28.0,21.0,23.7,24.1,79.7,19.8,4.8,100,0,43.9,22.6,260.1,1013.5,70.7,6.8,7,06:08:43,18:26:24,"Rain, Partially cloudy",Partly cloudy throughout the day with rain.
08-09-2024,27.0,21.0,23.5,23.7,77.5,19.1,2.3,100,0,50.4,27.7,255.2,1013.4,84.8,6.8,7,06:08:43,18:25:43,"Rain, Partially cloudy",Partly cloudy throughout the day with rain.
09-09-2024,29.0,21.0,24.1,24.5,77.6,19.7,1.7,100,0,41.4,29.7,247.2,1011.6,74.5,6.5,4,06:08:43,18:25:01,"Rain, Partially cloudy",Partly cloudy throughout the day with a chance of rain throughout the day.
10-09-2024,29.0,21.2,24.4,24.8,78.8,20.1,2.0,100,0,54.7,29.7,240.9,1011.7,69.3,6.3,8,06:08:44,18:24:19,"Rain, Partially cloudy",Partly cloudy throughout the day with late afternoon rain.
11-09-2024,28.6,20.4,24.0,24.3,76.0,19.3,0.2,100,0,43.6,26.2,247.4,1013.4,57.6,6.8,7,06:08:44,18:23:36,"Rain, Partially cloudy",Partly cloudy throughout the day with rain in the morning and afternoon.
12-09-2024,29.9,20.7,24.9,25.5,74.2,19.7,0.2,100,0,42.1,22.5,258.9,1014.4,61.5,6.8,7,06:08:44,18:22:54,"Rain, Partially cloudy",Partly cloudy throughout the day with afternoon rain.
13-09-2024,29.9,20.0,25.0,25.5,73.4,19.6,0.0,0,0,38.9,20.4,264.2,1014.1,51.0,7.0,8,06:08:44,18:22:11,Partially cloudy,Partly cloudy throughout the day.
14-09-2024,29.9,21.4,25.5,25.9,69.2,19.0,0.1,100,0,38.5,22.6,270.1,1013.4,51.8,6.9,8,06:08:44,18:21:29,"Rain, Partially cloudy",Partly cloudy throughout the day with afternoon rain.
15-09-2024,30.0,20.9,24.7,25.1,73.6,19.3,0.3,100,0,41.4,26.1,267.5,1013.7,61.1,7.0,7,06:08:44,18:20:46,"Rain, Partially cloudy",Partly cloudy throughout the day with afternoon rain.
16-09-2024,29.0,19.9,25.0,25.6,73.1,19.6,0.2,100,0,42.5,20.8,276.4,1013.8,53.0,7.0,8,06:08:44,18:20:03,"Rain, Partially cloudy",Partly cloudy throughout the day with afternoon rain.
17-09-2024,30.9,20.9,25.5,26.2,70.2,19.3,0.3,100,0,41.8,25.9,270.7,1013.5,56.6,7.1,8,06:08:44,18:19:20,"Rain, Partially cloudy",Partly cloudy throughout the day with afternoon rain.
18-09-2024,30.9,20.1,25.1,25.3,64.3,17.4,0.0,0,0,33.8,20.3,276.2,1012.2,47.0,7.1,10,06:08:44,18:18:37,Partially cloudy,Partly cloudy throughout the day.
19-09-2024,30.9,19.5,25.3,25.7,68.5,18.6,2.0,100,0,28.8,15.1,261.2,1012.5,43.6,7.2,9,06:08:44,18:17:54,"Rain, Partially cloudy",Partly cloudy throughout the day with late afternoon rain.
20-09-2024,30.9,21.1,25.5,25.8,67.9,18.6,0.3,100,0,31.3,18.4,263.9,1012.4,58.0,7.2,9,06:08:44,18:17:12,"Rain, Partially cloudy",Partly cloudy throughout the day with rain.
21-09-2024,30.3,21.4,25.0,25.5,74.0,19.8,0.4,100,0,37.1,22.1,264.7,1012.7,66.6,6.4,7,06:08:45,18:16:29,"Rain, Partially cloudy",Partly cloudy throughout the day with afternoon rain.
22-09-2024,29.0,20.2,24.7,25.2,78.7,20.6,0.1,100,0,38.2,18.4,260.9,1011.9,68.9,6.7,6,06:08:45,18:15:46,"Rain, Partially cloudy",Partly cloudy throughout the day with late afternoon rain.
23-09-2024,29.9,21.7,24.8,25.5,79.2,20.8,0.6,100,0,36.7,18.3,256.3,1011.4,70.3,6.9,5,06:08:45,18:15:03,"Rain, Partially cloudy",Partly cloudy throughout the day with late afternoon rain.
24-09-2024,28.0,21.9,24.9,25.4,80.8,21.3,1.5,100,0,44.6,22.0,243.4,1010.7,67.3,6.8,6,06:08:46,18:14:21,"Rain, Partially cloudy",Partly cloudy throughout the day with rain.
25-09-2024,28.8,22.1,24.8,25.4,79.1,20.8,0.0,0,0,42.8,24.0,247.0,1010.9,73.4,6.8,8,06:08:47,18:13:39,Partially cloudy,Partly cloudy throughout the day.
26-09-2024,28.9,21.2,24.9,25.6,77.7,20.6,0.1,100,0,35.6,20.6,244.4,1011.6,73.2,6.6,5,06:08:48,18:12:57,"Rain, Partially cloudy",Partly cloudy throughout the day with afternoon rain.
27-09-2024,28.0,21.0,24.7,25.2,76.2,20.0,0.5,100,0,32.8,22.1,251.2,1013.5,68.1,8.4,8,06:08:49,18:12:15,"Rain, Partially cloudy",Partly cloudy throughout the day with rain.
28-09-2024,29.9,21.4,25.6,26.6,76.2,20.9,4.0,100,0,15.8,16.7,295.2,1014.8,67.6,6.7,8,06:08:50,18:11:33,"Rain, Partially cloudy",Partly cloudy throughout the day with late afternoon rain.
29-09-2024,30.9,20.9,25.3,26.5,78.5,21.0,11.0,100,0,27.0,18.2,111.1,1015.4,65.9,5.8,8,06:08:51,18:10:51,"Rain, Partially cloudy",Partly cloudy throughout the day with early morning rain.
30-09-2024,31.9,22.4,26.6,27.7,73.6,21.1,0.4,100,0,24.5,14.7,128.6,1015.3,55.4,6.4,8,06:08:53,18:10:10,"Rain, Partially cloudy",Partly cloudy throughout the day with rain.
01-10-2024,31.3,22.9,26.9,28.2,71.4,20.9,2.3,100,0,23.0,12.8,142.3,1014.0,46.3,6.2,8,06:08:55,18:09:29,"Rain, Partially cloudy",Partly cloudy throughout the day with rain.
02-10-2024,32.9,21.1,26.5,27.7,75.4,21.4,18.0,100,0,13.3,20.4,230.3,1014.5,59.4,6.7,10,06:08:57,18:08:49,"Rain, Partially cloudy",Partly cloudy throughout the day with late afternoon rain.
03-10-2024,28.9,20.1,23.6,23.9,85.0,20.8,11.0,100,0,28.1,18.5,256.0,1014.9,75.5,6.0,6,06:08:59,18:08:09,"Rain, Partially cloudy",Partly cloudy throughout the day with rain.
04-10-2024,29.9,21.9,25.3,26.3,80.4,21.5,0.2,100,0,27.4,14.8,270.7,1014.4,73.2,6.4,8,06:09:02,18:07:29,"Rain, Partially cloudy",Partly cloudy throughout the day with afternoon rain.
05-10-2024,29.9,21.2,23.9,24.4,83.9,20.9,35.8,100,0,18.7,13.2,280.8,1015.0,86.4,5.2,1,06:09:05,18:06:49,"Rain, Partially cloudy",Partly cloudy throughout the day with rain.
06-10-2024,30.9,20.9,25.1,25.7,79.1,20.9,6.0,100,0,14.4,14.7,102.0,1014.8,72.7,5.9,4,06:09:09,18:06:10,"Rain, Partially cloudy",Partly cloudy throughout the day with a chance of rain throughout the day.
07-10-2024,29.1,21.0,24.4,24.8,78.6,20.1,0.6,100,0,26.6,16.5,96.2,1015.6,81.4,5.7,7,06:09:12,18:05:31,"Rain, Partially cloudy",Partly cloudy throughout the day with late afternoon rain.
08-10-2024,29.9,21.9,25.6,26.7,78.6,21.4,0.4,100,0,25.2,16.4,116.2,1015.8,68.8,5.8,7,06:09:17,18:04:53,"Rain, Partially cloudy",Partly cloudy throughout the day with rain in the morning and afternoon.
09-10-2024,29.9,22.1,25.8,26.7,74.6,20.8,0.1,100,0,32.8,18.2,124.4,1014.3,54.4,6.3,8,06:09:21,18:04:16,"Rain, Partially cloudy",Partly cloudy throughout the day with early morning rain.
10-10-2024,28.9,22.9,25.6,26.4,76.9,21.0,3.3,100,0,28.8,16.5,127.1,1012.8,62.8,5.6,8,06:09:26,18:03:38,"Rain, Partially cloudy",Partly cloudy throughout the day with a chance of rain throughout the day.
11-10-2024,28.9,21.4,25.0,25.8,81.6,21.4,2.2,100,0,29.5,14.8,111.2,1012.8,67.9,5.9,8,06:09:31,18:03:02,"Rain, Partially cloudy",Partly cloudy throughout the day with rain.
12-10-2024,27.9,21.4,24.3,24.8,82.8,21.2,4.0,100,0,33.8,16.5,113.0,1013.9,59.9,6.5,6,06:09:37,18:02:26,"Rain, Partially cloudy",Partly cloudy throughout the day with rain.
13-10-2024,28.8,21.0,24.2,24.6,85.0,21.4,0.5,100,0,30.6,18.4,92.3,1014.1,59.5,6.4,8,06:09:43,18:01:50,"Rain, Partially cloudy",Partly cloudy throughout the day with afternoon rain.
14-10-2024,24.9,21.1,23.1,23.1,85.5,20.5,3.5,100,0,31.0,16.5,28.5,1014.4,77.9,5.9,3,06:09:50,18:01:15,"Rain, Partially cloudy",Partly cloudy throughout the day with rain clearing later.
15-10-2024,22.0,20.0,21.1,21.1,92.3,19.8,75.0,100,0,27.0,13.0,261.7,1013.9,92.2,4.2,3,06:09:57,18:00:41,"Rain, Overcast",Cloudy skies throughout the day with a chance of rain throughout the day.
16-10-2024,23.5,19.5,21.4,21.4,93.9,20.3,10.0,100,0,19.1,11.2,285.8,1013.2,95.5,4.7,3,06:10:05,18:00:07,"Rain, Overcast",Cloudy skies throughout the day with a chance of rain throughout the day.
17-10-2024,28.8,21.0,23.7,24.1,85.3,21.0,0.0,0,0,26.6,13.0,241.3,1012.9,74.8,5.9,7,06:10:13,17:59:34,Partially cloudy,Partly cloudy throughout the day.
18-10-2024,27.9,20.9,24.7,25.2,79.1,20.6,0.8,100,0,24.8,16.6,241.7,1013.7,61.9,6.7,6,06:10:21,17:59:02,"Rain, Partially cloudy",Partly cloudy throughout the day with rain.
19-10-2024,27.0,21.6,23.3,23.5,88.3,21.2,17.8,100,0,20.2,14.8,255.8,1015.0,86.0,5.4,3,06:10:31,17:58:31,"Rain, Partially cloudy",Partly cloudy throughout the day with a chance of rain throughout the day.
20-10-2024,29.8,21.4,24.5,25.0,85.5,21.7,13.0,100,0,17.6,11.3,58.9,1015.7,81.0,6.2,7,06:10:40,17:58:00,"Rain, Partially cloudy",Partly cloudy throughout the day with rain.
21-10-2024,28.9,21.4,24.6,25.3,84.6,21.7,24.0,100,0,23.0,14.6,118.8,1015.7,74.7,5.5,9,06:10:51,17:57:30,"Rain, Partially cloudy",Partly cloudy throughout the day with a chance of rain throughout the day.
22-10-2024,28.9,21.0,23.5,24.0,85.4,20.8,23.0,100,0,18.0,9.5,91.9,1016.3,69.1,5.9,6,06:11:01,17:57:01,"Rain, Partially cloudy",Partly cloudy throughout the day with afternoon rain.
23-10-2024,30.9,21.2,24.3,24.8,82.8,21.0,11.0,100,0,15.8,16.6,65.8,1015.5,68.7,5.6,5,06:11:13,17:56:32,"Rain, Partially cloudy",Partly cloudy throughout the day with late afternoon rain.
24-10-2024,28.7,20.7,23.6,24.1,87.5,21.3,3.0,100,0,20.9,9.2,201.9,1015.4,82.0,5.3,6,06:11:25,17:56:05,"Rain, Partially cloudy",Partly cloudy throughout the day with morning rain.
25-10-2024,29.9,21.1,24.5,24.8,77.1,19.8,0.0,0,0,25.2,11.2,296.2,1015.4,61.5,5.2,9,06:11:37,17:55:38,Partially cloudy,Partly cloudy throughout the day.
26-10-2024,28.9,20.0,24.3,24.6,74.7,19.1,0.2,100,0,28.1,11.5,309.2,1015.0,48.9,4.8,8,06:11:50,17:55:12,"Rain, Partially cloudy",Partly cloudy throughout the day with morning rain.
27-10-2024,28.9,18.9,23.8,24.2,75.4,18.8,0.0,0,0,22.7,9.6,292.1,1014.3,42.7,5.1,9,06:12:04,17:54:47,Partially cloudy,Partly cloudy throughout the day.
28-10-2024,31.8,19.9,25.0,25.7,75.0,19.9,0.1,100,0,19.4,12.8,235.1,1013.5,49.7,5.0,10,06:12:19,17:54:23,"Rain, Partially cloudy",Partly cloudy throughout the day with early morning rain.
29-10-2024,29.9,21.0,25.5,26.2,74.4,20.3,0.4,100,0,20.2,11.3,241.4,1014.5,48.6,5.2,7,06:12:34,17:54:00,"Rain, Partially cloudy",Partly cloudy throughout the day with rain.
30-10-2024,28.8,22.8,24.8,25.2,82.8,21.6,0.5,100,0,16.2,9.4,148.3,1015.1,69.0,3.9,7,06:12:49,17:53:38,"Rain, Partially cloudy",Partly cloudy throughout the day with afternoon rain.
31-10-2024,29.9,21.9,24.7,25.5,83.5,21.6,3.6,100,0,18.7,11.2,126.6,1015.9,85.1,4.1,8,06:13:06,17:53:17,"Rain, Partially cloudy",Partly cloudy throughout the day with rain.
01-11-2024,29.9,21.4,25.2,25.9,79.9,21.3,0.3,100,0,26.6,11.4,95.6,1017.0,70.6,5.0,7,06:13:22,17:52:56,"Rain, Partially cloudy",Partly cloudy throughout the day with afternoon rain.
02-11-2024,29.9,21.7,25.2,25.8,77.9,20.8,1.0,100,0,25.6,14.7,77.5,1017.2,62.6,5.2,7,06:13:40,17:52:37,"Rain, Partially cloudy",Partly cloudy throughout the day with late afternoon rain.
03-11-2024,28.9,21.5,24.7,25.3,77.3,20.2,0.6,100,0,29.2,20.0,90.3,1017.0,58.8,6.2,8,06:13:58,17:52:19,"Rain, Partially cloudy",Partly cloudy throughout the day with rain.
04-11-2024,28.9,21.7,24.3,24.7,79.0,20.1,0.4,100,0,25.9,14.6,92.6,1016.4,63.4,5.8,7,06:14:17,17:52:02,"Rain, Partially cloudy",Partly cloudy throughout the day with afternoon rain.
05-11-2024,27.9,20.9,23.8,24.0,74.3,18.6,0.0,0,0,26.6,14.8,71.7,1016.7,51.7,5.6,9,06:14:36,17:51:46,Partially cloudy,Partly cloudy throughout the day.
06-11-2024,28.9,18.9,24.2,24.4,69.8,17.9,0.0,0,0,29.2,11.4,34.7,1017.0,54.0,5.6,9,06:14:57,17:51:31,Partially cloudy,Partly cloudy throughout the day.
07-11-2024,26.1,21.7,23.8,23.8,80.2,20.1,0.2,100,0,33.5,20.3,48.4,1016.9,69.6,4.7,6,06:15:17,17:51:17,"Rain, Partially cloudy",Partly cloudy throughout the day with afternoon rain.
08-11-2024,29.6,20.0,24.6,24.8,73.3,18.9,0.0,0,0,32.0,14.9,67.7,1016.6,53.2,5.2,9,06:15:39,17:51:04,Partially cloudy,Partly cloudy throughout the day.
09-11-2024,28.9,20.4,24.5,24.7,68.8,17.8,0.0,0,0,31.0,14.9,70.6,1016.9,45.3,6.3,9,06:16:01,17:50:52,Partially cloudy,Partly cloudy throughout the day.
10-11-2024,28.6,19.9,24.3,24.4,69.8,17.9,0.0,0,0,29.9,14.7,53.3,1016.5,44.0,5.8,9,06:16:23,17:50:41,Partially cloudy,Partly cloudy throughout the day.
11-11-2024,28.0,19.9,23.9,24.1,74.0,18.7,0.0,0,0,33.1,18.2,52.3,1015.9,46.6,4.8,8,06:16:47,17:50:31,Partially cloudy,Partly cloudy throughout the day.
12-11-2024,25.9,21.0,23.6,23.6,82.2,20.4,2.7,100,0,33.1,13.1,30.6,1015.0,81.9,3.7,6,06:17:10,17:50:23,"Rain, Partially cloudy",Partly cloudy throughout the day with rain.
13-11-2024,26.9,21.1,23.9,24.2,85.2,21.2,0.4,100,0,34.9,16.8,68.2,1014.5,79.2,5.0,7,06:17:35,17:50:15,"Rain, Partially cloudy",Partly cloudy throughout the day with early morning rain.
14-11-2024,26.0,21.9,23.3,23.3,89.3,21.4,4.0,100,0,38.5,16.6,69.1,1015.9,81.2,5.1,6,06:18:00,17:50:09,"Rain, Partially cloudy",Partly cloudy throughout the day with rain.
15-11-2024,27.9,20.9,23.4,23.8,88.1,21.3,11.0,100,0,28.1,21.9,68.2,1016.6,69.0,6.1,4,06:18:26,17:50:04,"Rain, Partially cloudy",Partly cloudy throughout the day with afternoon rain.
16-11-2024,27.9,20.0,23.7,24.1,86.0,21.1,3.0,100,0,35.6,22.0,75.4,1015.9,64.8,5.7,6,06:18:52,17:50:00,"Rain, Partially cloudy",Partly cloudy throughout the day with late afternoon rain.
17-11-2024,27.9,21.1,23.9,24.1,80.9,20.2,0.2,100,0,30.2,14.8,64.2,1015.7,62.1,4.9,9,06:19:18,17:49:57,"Rain, Partially cloudy",Partly cloudy throughout the day with late afternoon rain.
18-11-2024,27.9,21.8,23.8,24.1,81.8,20.4,0.0,0,0,34.6,16.6,78.3,1016.1,56.5,3.5,7,06:19:46,17:49:55,Partially cloudy,Partly cloudy throughout the day.
19-11-2024,27.9,20.9,23.5,23.7,79.5,19.5,0.0,0,0,27.7,14.7,61.9,1016.9,49.9,3.8,6,06:20:13,17:49:55,Partially cloudy,Partly cloudy throughout the day.
20-11-2024,26.9,19.9,22.9,23.0,81.0,19.3,0.0,0,0,27.7,16.4,97.5,1016.7,49.5,3.2,9,06:20:42,17:49:56,Partially cloudy,Partly cloudy throughout the day.
21-11-2024,26.9,19.9,22.9,23.1,78.6,18.8,0.0,0,0,28.8,13.0,67.1,1016.5,45.8,3.5,9,06:21:10,17:49:57,Partially cloudy,Partly cloudy throughout the day.
22-11-2024,28.9,17.0,23.0,23.0,73.1,17.3,0.0,0,0,20.5,14.5,55.0,1016.2,36.9,5.2,9,06:21:40,17:50:00,Partially cloudy,Partly cloudy throughout the day.
23-11-2024,28.9,17.9,22.9,23.1,77.1,18.3,0.0,0,0,19.4,14.4,81.6,1016.9,37.3,4.8,9,06:22:09,17:50:04,Partially cloudy,Partly cloudy throughout the day.
24-11-2024,28.1,19.9,23.5,23.6,76.7,18.7,0.0,0,0,20.9,14.8,75.5,1017.1,49.5,5.0,8,06:22:39,17:50:09,Partially cloudy,Partly cloudy throughout the day.
25-11-2024,27.9,19.4,23.1,23.2,76.1,18.3,0.0,0,0,26.3,14.5,70.2,1016.0,55.2,5.2,8,06:23:10,17:50:16,Partially cloudy,Partly cloudy throughout the day.
26-11-2024,24.9,19.4,21.3,21.3,85.8,18.8,0.0,0,0,39.2,18.4,35.9,1015.4,73.8,4.1,5,06:23:41,17:50:23,Partially cloudy,Partly cloudy throughout the day.
27-11-2024,24.9,18.9,21.6,21.6,82.7,18.5,0.6,100,0,42.1,18.5,36.4,1014.3,76.7,3.9,6,06:24:12,17:50:31,"Rain, Partially cloudy",Partly cloudy throughout the day with early morning rain.
28-11-2024,26.8,17.0,21.6,21.6,65.7,14.3,0.0,0,0,37.1,13.2,19.9,1013.8,43.0,5.1,8,06:24:43,17:50:41,Partially cloudy,Partly cloudy throughout the day.
29-11-2024,27.1,20.1,22.9,23.0,72.6,17.6,0.2,100,0,40.7,18.4,12.1,1013.5,54.9,5.9,6,06:25:15,17:50:52,"Rain, Partially cloudy",Partly cloudy throughout the day with rain.
30-11-2024,23.9,20.7,22.3,22.3,87.7,20.2,2.0,100,0,45.7,20.3,337.1,1011.9,75.6,4.4,3,06:25:47,17:51:03,"Rain, Partially cloudy",Partly cloudy throughout the day with late afternoon rain.
01-12-2024,22.9,20.2,22.0,22.0,92.7,20.8,10.8,100,0,41.8,18.4,317.9,1010.1,89.1,4.1,2,06:26:20,17:51:16,"Rain, Partially cloudy",Partly cloudy throughout the day with a chance of rain throughout the day.
02-12-2024,22.9,20.2,22.1,22.1,93.5,21.0,50.0,100,0,30.2,20.4,39.0,1009.9,92.5,3.7,1,06:26:52,17:51:30,"Rain, Overcast",Cloudy skies throughout the day with a chance of rain throughout the day.
03-12-2024,26.0,20.9,23.0,23.0,91.0,21.5,25.0,100,0,25.2,18.3,110.2,1013.7,81.5,5.0,5,06:27:25,17:51:45,"Rain, Partially cloudy",Partly cloudy throughout the day with rain.
04-12-2024,27.9,20.1,23.5,23.7,83.1,20.3,0.1,100,0,32.4,16.5,93.7,1015.9,66.6,5.6,6,06:27:58,17:52:01,"Rain, Partially cloudy",Partly cloudy throughout the day with afternoon rain.
05-12-2024,27.9,20.9,23.6,23.9,86.1,21.0,2.8,100,0,28.8,14.6,88.3,1016.7,65.8,5.9,6,06:28:30,17:52:18,"Rain, Partially cloudy",Partly cloudy throughout the day with rain.
06-12-2024,28.0,21.7,24.2,24.6,79.2,20.2,0.0,0,0,23.4,18.2,100.7,1016.6,48.9,6.3,8,06:29:04,17:52:36,Partially cloudy,Partly cloudy throughout the day.
07-12-2024,28.1,20.6,23.9,24.2,82.1,20.5,0.1,100,0,28.1,14.7,105.5,1016.0,49.6,5.8,8,06:29:37,17:52:55,"Rain, Partially cloudy",Partly cloudy throughout the day with afternoon rain.
08-12-2024,29.6,20.4,24.3,24.4,74.2,18.9,0.0,0,0,20.2,11.1,128.4,1015.9,39.4,6.0,8,06:30:10,17:53:14,Partially cloudy,Partly cloudy throughout the day.
09-12-2024,28.9,19.9,23.7,23.9,74.3,18.4,0.0,0,0,18.0,11.2,105.5,1015.7,42.4,5.3,8,06:30:43,17:53:35,Partially cloudy,Partly cloudy throughout the day.
10-12-2024,28.2,19.9,23.7,23.9,74.9,18.6,0.0,0,0,28.8,14.8,63.0,1015.8,58.0,4.7,8,06:31:16,17:53:57,Partially cloudy,Partly cloudy throughout the day.
11-12-2024,25.9,19.9,23.0,23.0,79.5,19.1,0.0,0,0,39.2,18.8,51.3,1016.2,73.7,5.2,6,06:31:49,17:54:19,Partially cloudy,Partly cloudy throughout the day.
12-12-2024,22.9,20.7,21.8,21.8,90.3,20.1,3.0,100,0,35.3,16.4,52.8,1015.5,91.5,3.3,2,06:32:22,17:54:42,"Rain, Overcast",Cloudy skies throughout the day with rain in the morning and afternoon.
13-12-2024,24.9,20.0,22.1,22.1,87.6,19.8,0.4,100,0,40.3,18.1,61.1,1015.9,91.1,3.3,5,06:32:54,17:55:06,"Rain, Overcast",Cloudy skies throughout the day with morning rain.
14-12-2024,26.0,19.8,22.2,22.2,81.7,18.8,0.3,100,0,34.6,16.6,74.9,1017.2,66.7,4.1,8,06:33:27,17:55:31,"Rain, Partially cloudy",Partly cloudy throughout the day with early morning rain.
15-12-2024,26.9,16.9,21.1,21.1,75.5,16.2,0.0,0,0,32.0,16.5,62.9,1018.1,40.1,4.6,8,06:33:59,17:55:57,Partially cloudy,Partly cloudy throughout the day.
16-12-2024,27.9,16.8,21.1,21.1,70.3,14.8,0.0,0,0,28.1,16.3,68.0,1017.1,39.5,4.7,9,06:34:31,17:56:23,Partially cloudy,Partly cloudy throughout the day.
17-12-2024,28.8,15.0,21.8,22.1,78.8,17.7,0.0,0,0,25.9,11.2,27.9,1015.9,43.4,4.9,8,06:35:03,17:56:50,Partially cloudy,Partly cloudy throughout the day.
18-12-2024,25.9,19.4,22.7,22.7,84.1,19.8,1.7,100,0,29.9,14.8,28.9,1015.1,56.5,5.3,6,06:35:34,17:57:18,"Rain, Partially cloudy",Partly cloudy throughout the day with afternoon rain.
19-12-2024,26.9,20.6,23.4,23.6,82.9,20.3,0.0,0,0,29.9,11.0,31.3,1014.7,64.2,5.7,7,06:36:05,17:57:46,Partially cloudy,Partly cloudy throughout the day.
20-12-2024,28.9,20.9,24.0,24.5,81.2,20.5,0.4,100,0,31.3,9.6,2.9,1014.6,51.4,5.7,6,06:36:35,17:58:15,"Rain, Partially cloudy",Partly cloudy throughout the day with afternoon rain.
21-12-2024,30.8,19.7,24.2,24.5,74.8,19.0,0.0,0,0,20.2,11.0,10.4,1015.1,42.9,6.1,7,06:37:06,17:58:45,Partially cloudy,Partly cloudy throughout the day.
22-12-2024,28.0,20.9,23.6,23.8,79.3,19.6,0.0,0,0,15.8,14.7,87.2,1015.8,53.3,5.2,7,06:37:35,17:59:15,Partially cloudy,Partly cloudy throughout the day.
23-12-2024,27.9,20.0,23.5,23.7,75.5,18.7,0.2,100,0,22.3,11.2,97.9,1015.7,55.6,5.6,7,06:38:04,17:59:46,"Rain, Partially cloudy",Partly cloudy throughout the day with afternoon rain.
24-12-2024,28.8,17.9,23.2,23.3,72.3,17.4,0.0,0,0,23.4,9.3,52.6,1015.5,45.6,5.5,8,06:38:33,18:00:17,Partially cloudy,Partly cloudy throughout the day.
25-12-2024,26.9,18.0,22.7,22.8,79.7,18.8,0.3,100,0,23.0,14.5,21.7,1016.6,56.6,5.3,6,06:39:01,18:00:48,"Rain, Partially cloudy",Partly cloudy throughout the day with rain.
26-12-2024,24.9,20.4,22.4,22.4,88.0,20.3,0.1,100,0,34.2,18.3,53.9,1018.4,75.2,5.8,5,06:39:29,18:01:20,"Rain, Partially cloudy",Partly cloudy throughout the day with afternoon rain.
27-12-2024,23.8,19.7,21.6,21.6,89.5,19.8,0.2,100,0,38.2,16.9,81.1,1019.7,76.1,4.4,5,06:39:56,18:01:52,"Rain, Partially cloudy",Partly cloudy throughout the day with afternoon rain.
28-12-2024,26.2,18.9,22.1,22.1,78.6,18.0,0.0,0,0,32.0,20.4,84.7,1019.5,47.2,5.7,8,06:40:22,18:02:25,Partially cloudy,Partly cloudy throughout the day.
29-12-2024,28.9,17.5,22.8,22.9,73.6,17.2,0.0,0,0,26.3,21.9,69.0,1019.3,40.6,5.5,9,06:40:47,18:02:58,Partially cloudy,Partly cloudy throughout the day.
30-12-2024,27.9,18.7,22.4,22.6,80.6,18.8,0.1,100,0,38.2,18.5,68.5,1019.1,55.4,5.9,7,06:41:12,18:03:31,"Rain, Partially cloudy",Partly cloudy throughout the day with afternoon rain.
31-12-2024,28.6,17.4,22.8,22.9,69.5,16.4,0.0,0,0,38.5,20.8,77.4,1019.4,33.4,6.2,9,06:41:36,18:04:05,Partially cloudy,Partly cloudy throughout the day.
01-01-2025,27.9,17.8,22.5,22.5,71.7,16.5,0.0,0,0,37.4,20.6,67.8,1018.3,26.3,5.3,9,06:41:59,18:04:38,Partially cloudy,Partly cloudy throughout the day.
02-01-2025,27.1,17.2,21.8,21.8,70.2,15.6,0.0,0,0,37.8,18.1,77.0,1017.9,25.4,5.0,8,06:42:22,18:05:12,Partially cloudy,Partly cloudy throughout the day.
03-01-2025,27.9,17.8,21.6,21.6,71.3,15.5,0.0,0,0,36.7,22.1,69.8,1018.1,36.4,5.2,9,06:42:43,18:05:46,Partially cloudy,Partly cloudy throughout the day.
04-01-2025,26.6,14.9,20.2,20.2,72.3,14.5,0.0,0,0,31.7,14.9,94.1,1017.3,34.2,4.8,9,06:43:04,18:06:20,Partially cloudy,Partly cloudy throughout the day.
05-01-2025,28.9,15.9,21.1,21.1,71.7,15.0,0.0,0,0,24.1,16.3,87.9,1017.3,28.9,4.7,9,06:43:24,18:06:54,Partially cloudy,Clearing in the afternoon.
06-01-2025,27.9,16.7,21.3,21.2,70.1,14.9,0.0,0,0,20.5,11.1,109.7,1016.8,31.8,5.1,9,06:43:43,18:07:28,Partially cloudy,Partly cloudy throughout the day.
07-01-2025,27.9,16.7,21.5,21.5,70.7,15.3,0.0,0,0,23.4,9.4,78.8,1016.9,32.5,5.2,9,06:44:01,18:08:02,Partially cloudy,Partly cloudy throughout the day.
08-01-2025,28.0,16.8,21.7,21.5,64.6,13.3,0.0,0,0,28.4,20.3,73.1,1016.6,20.1,5.6,9,06:44:18,18:08:36,Partially cloudy,Partly cloudy throughout the day.
09-01-2025,25.3,14.9,19.8,19.8,75.8,15.0,0.0,0,0,37.8,20.6,90.9,1017.6,43.4,4.3,9,06:44:35,18:09:10,Partially cloudy,Partly cloudy throughout the day.
10-01-2025,25.0,17.0,20.6,20.6,79.3,16.6,0.0,0,0,29.9,16.6,98.1,1018.8,48.7,4.1,8,06:44:50,18:09:44,Partially cloudy,Partly cloudy throughout the day.
11-01-2025,24.0,18.0,20.6,20.6,82.7,17.5,0.0,0,0,28.1,16.6,94.5,1018.8,83.1,5.1,5,06:45:04,18:10:17,Partially cloudy,Partly cloudy throughout the day.
12-01-2025,28.9,16.9,22.0,22.1,74.8,16.8,0.0,0,0,24.8,15.4,91.8,1018.3,47.0,4.9,8,06:45:17,18:10:51,Partially cloudy,Partly cloudy throughout the day.
13-01-2025,25.6,20.0,22.0,22.0,81.8,18.6,1.1,100,0,31.0,18.4,82.5,1017.1,71.1,5.4,6,06:45:29,18:11:24,"Rain, Partially cloudy",Partly cloudy throughout the day with late afternoon rain.
14-01-2025,26.8,19.0,21.8,21.8,80.8,18.1,1.4,100,0,36.7,18.4,88.6,1018.3,72.3,5.8,6,06:45:41,18:11:57,"Rain, Partially cloudy",Partly cloudy throughout the day with rain.
15-01-2025,24.0,16.9,20.7,20.7,78.2,16.5,99.0,100,0,34.6,20.5,82.6,1019.1,61.8,6.0,6,06:45:51,18:12:30,"Rain, Partially cloudy",Partly cloudy throughout the day with afternoon rain.
16-01-2025,26.0,16.9,21.0,21.0,74.0,15.7,0.0,0,0,34.6,20.3,90.2,1018.8,48.1,5.8,9,06:46:00,18:13:03,Partially cloudy,Partly cloudy throughout the day.
17-01-2025,25.0,15.9,20.3,20.3,77.8,16.0,0.0,0,0,35.6,22.3,83.8,1017.6,43.3,4.2,9,06:46:08,18:13:35,Partially cloudy,Partly cloudy throughout the day.
18-01-2025,26.9,16.9,21.3,21.3,71.8,15.6,0.0,0,0,31.7,18.4,86.2,1016.8,46.7,5.1,9,06:46:15,18:14:07,Partially cloudy,Partly cloudy throughout the day.
19-01-2025,21.9,18.0,19.8,19.8,89.8,18.1,5.0,100,0,32.4,11.3,53.2,1017.6,80.5,3.7,4,06:46:21,18:14:39,"Rain, Partially cloudy",Partly cloudy throughout the day with rain in the morning and afternoon.
20-01-2025,28.0,17.9,22.0,22.0,70.3,15.4,0.0,0,0,29.5,18.1,52.1,1016.7,40.0,5.4,9,06:46:25,18:15:10,Partially cloudy,Partly cloudy throughout the day.
21-01-2025,27.9,14.9,20.8,20.7,65.0,12.7,0.0,0,0,31.0,22.1,62.6,1015.9,22.3,5.8,9,06:46:29,18:15:41,Partially cloudy,Partly cloudy throughout the day.
22-01-2025,28.2,13.9,21.0,21.1,68.9,14.7,0.0,0,0,24.1,18.2,96.3,1015.8,22.7,6.1,9,06:46:31,18:16:11,Partially cloudy,Partly cloudy throughout the day.
23-01-2025,29.0,17.9,22.2,22.2,73.0,16.4,0.0,0,0,27.4,14.9,103.0,1016.0,43.1,5.2,9,06:46:33,18:16:41,Partially cloudy,Partly cloudy throughout the day.
24-01-2025,28.0,16.0,21.3,21.3,69.3,14.6,0.0,0,0,29.5,18.4,90.0,1015.5,30.9,6.4,9,06:46:33,18:17:10,Partially cloudy,Partly cloudy throughout the day.
25-01-2025,29.1,14.9,21.1,20.9,66.4,13.4,0.0,0,0,29.9,16.3,91.0,1016.4,37.7,5.5,9,06:46:32,18:17:39,Partially cloudy,Partly cloudy throughout the day.
26-01-2025,29.9,14.0,21.9,21.6,55.5,10.0,0.0,0,0,36.4,18.5,87.4,1016.3,20.9,5.4,9,06:46:30,18:18:08,Partially cloudy,Partly cloudy throughout the day.
27-01-2025,29.0,14.9,21.6,21.4,64.0,13.2,0.0,0,0,27.7,11.2,80.2,1015.6,15.9,6.0,9,06:46:27,18:18:36,Clear,Clear conditions throughout the day.
28-01-2025,29.0,14.0,21.4,21.2,63.6,12.9,0.0,0,0,23.4,16.5,89.5,1015.9,28.4,5.9,9,06:46:23,18:19:03,Partially cloudy,Becoming cloudy in the afternoon.
29-01-2025,30.3,15.9,22.0,21.8,66.1,14.1,0.0,0,0,29.9,18.0,88.5,1016.9,27.1,5.3,9,06:46:18,18:19:30,Partially cloudy,Partly cloudy throughout the day.
30-01-2025,28.9,17.0,22.1,22.2,73.5,16.7,0.0,0,0,22.7,16.2,113.9,1016.5,38.5,4.9,9,06:46:12,18:19:57,Partially cloudy,Partly cloudy throughout the day.
31-01-2025,30.6,19.7,24.1,24.2,70.7,17.8,0.0,0,0,24.1,13.0,109.9,1015.8,36.6,5.8,9,06:46:04,18:20:23,Partially cloudy,Partly cloudy throughout the day.
01-02-2025,30.3,19.9,24.4,24.3,66.7,16.8,0.0,0,0,22.7,12.9,104.9,1016.2,36.7,6.4,9,06:45:56,18:20:48,Partially cloudy,Partly cloudy throughout the day.
02-02-2025,31.8,17.9,23.8,23.5,58.6,13.3,0.0,0,0,22.7,14.8,81.9,1016.6,14.6,6.3,9,06:45:46,18:21:12,Clear,Clear conditions throughout the day.
03-02-2025,31.0,14.9,23.2,22.8,55.4,11.8,0.0,0,0,25.6,16.5,101.1,1016.9,12.7,6.1,10,06:45:36,18:21:37,Clear,Clear conditions throughout the day.
04-02-2025,31.0,14.8,22.8,22.4,50.9,10.7,0.0,0,0,28.4,16.6,94.4,1017.5,9.4,6.7,9,06:45:24,18:22:00,Clear,Clear conditions throughout the day.
05-02-2025,30.8,16.0,23.3,23.0,55.3,12.7,0.0,0,0,35.6,22.1,105.3,1016.5,5.5,6.2,9,06:45:11,18:22:23,Clear,Clear conditions throughout the day.
06-02-2025,30.1,14.0,22.6,22.3,53.4,11.3,0.0,0,0,36.4,24.0,102.5,1016.2,5.6,6.7,9,06:44:58,18:22:45,Clear,Clear conditions throughout the day.
07-02-2025,30.3,14.9,22.8,22.5,52.4,10.9,0.0,0,0,36.0,20.7,93.3,1017.7,4.2,6.6,10,06:44:43,18:23:07,Clear,Clear conditions throughout the day.
08-02-2025,30.0,15.9,22.8,22.7,60.0,13.7,0.0,0,0,37.4,20.6,94.5,1017.5,7.0,5.7,9,06:44:27,18:23:28,Clear,Clear conditions throughout the day.
09-02-2025,29.1,16.9,23.1,23.0,63.1,14.8,0.0,0,0,38.5,18.5,92.1,1017.0,3.3,5.3,9,06:44:10,18:23:49,Clear,Clear conditions throughout the day.
10-02-2025,29.0,17.0,22.5,22.4,68.1,15.5,0.0,0,0,30.2,20.4,89.2,1018.2,23.3,4.9,10,06:43:53,18:24:09,Partially cloudy,Clearing in the afternoon.
11-02-2025,30.9,14.9,22.9,22.5,55.1,11.0,0.0,0,0,25.9,14.8,87.6,1018.2,20.1,5.4,10,06:43:34,18:24:28,Partially cloudy,Clearing in the afternoon.
12-02-2025,32.0,14.9,23.8,23.1,44.9,7.7,0.0,0,0,31.0,18.2,84.3,1018.0,14.4,6.8,10,06:43:14,18:24:47,Clear,Clear conditions throughout the day.
13-02-2025,31.9,15.0,23.8,23.4,50.2,11.3,0.0,0,0,31.7,22.1,81.8,1017.7,3.3,6.6,10,06:42:54,18:25:05,Clear,Clear conditions throughout the day.
14-02-2025,32.1,15.9,24.6,24.1,47.2,11.3,0.0,0,0,24.5,16.3,87.5,1017.2,2.9,6.6,10,06:42:32,18:25:22,Clear,Clear conditions throughout the day.
15-02-2025,32.0,16.0,24.5,24.1,50.7,12.5,0.0,0,0,27.0,13.0,90.2,1016.4,2.9,6.6,10,06:42:10,18:25:39,Clear,Clear conditions throughout the day.
16-02-2025,32.0,17.9,24.3,24.0,52.3,12.8,0.0,0,0,26.3,16.8,89.3,1016.8,2.9,6.4,10,06:41:47,18:25:55,Clear,Clear conditions throughout the day.
17-02-2025,31.3,16.0,24.0,23.6,58.7,13.9,0.0,0,0,28.8,16.6,100.1,1018.1,3.6,6.1,10,06:41:22,18:26:11,Clear,Clear conditions throughout the day.
18-02-2025,31.8,16.9,24.3,23.9,55.9,13.4,0.0,0,0,26.6,20.5,95.1,1018.1,2.9,5.9,10,06:40:58,18:26:26,Clear,Clear conditions throughout the day.
19-02-2025,33.1,17.0,25.2,24.6,52.2,12.8,0.0,0,0,25.2,16.3,89.8,1016.5,3.8,6.5,10,06:40:32,18:26:41,Clear,Clear conditions throughout the day.
20-02-2025,32.0,19.0,25.1,24.8,54.4,14.1,0.0,0,0,28.8,16.6,102.6,1017.1,3.3,6.3,10,06:40:05,18:26:55,Clear,Clear conditions throughout the day.
21-02-2025,32.3,17.9,24.8,24.5,56.4,14.4,0.0,0,0,29.5,16.8,93.6,1018.3,6.0,6.7,10,06:39:38,18:27:09,Clear,Clear conditions throughout the day.
22-02-2025,32.1,17.0,24.9,24.5,58.7,14.7,0.0,0,0,29.2,18.4,76.9,1019.1,17.8,6.0,10,06:39:10,18:27:22,Clear,Clear conditions throughout the day.
23-02-2025,32.0,18.0,25.3,24.8,52.5,12.9,0.0,0,0,41.0,22.8,66.4,1019.1,18.6,6.5,10,06:38:41,18:27:34,Clear,Clear conditions throughout the day.
24-02-2025,31.0,17.9,24.6,24.1,52.1,12.3,0.0,0,0,41.4,22.3,80.0,1019.0,5.5,6.6,10,06:38:11,18:27:46,Clear,Clear conditions throughout the day.
25-02-2025,31.0,15.9,23.8,23.6,59.7,14.4,0.0,0,0,37.1,20.4,86.7,1020.1,12.4,6.5,10,06:37:41,18:27:57,Clear,Clear conditions throughout the day.
26-02-2025,31.0,17.0,24.3,24.1,54.4,13.8,0.0,0,0,43.9,25.9,89.3,1020.0,9.9,7.3,10,06:37:10,18:28:08,Clear,Clear conditions throughout the day.
27-02-2025,31.0,16.9,24.1,23.7,55.1,13.2,0.0,0,0,43.2,25.9,82.4,1018.5,7.6,6.5,10,06:36:39,18:28:19,Clear,Clear conditions throughout the day.
28-02-2025,31.3,17.9,24.1,23.8,57.6,14.1,0.0,0,0,33.1,18.4,86.5,1017.5,14.2,7.0,10,06:36:07,18:28:29,Clear,Clear conditions throughout the day.
01-03-2025,30.1,18.9,24.5,24.7,68.5,17.8,0.0,0,0,33.8,20.3,90.9,1017.0,27.1,6.2,8,06:35:34,18:28:39,Partially cloudy,Partly cloudy throughout the day.
02-03-2025,32.0,20.9,25.5,25.5,63.8,17.3,0.0,0,0,29.2,16.3,99.8,1015.4,37.3,6.7,10,06:35:01,18:28:48,Partially cloudy,Partly cloudy throughout the day.
03-03-2025,32.9,19.9,26.6,26.2,54.2,14.6,0.0,0,0,31.7,14.8,64.3,1016.0,33.8,6.5,10,06:34:27,18:28:56,Partially cloudy,Partly cloudy throughout the day.
04-03-2025,32.9,20.9,26.5,25.9,48.9,13.2,0.0,0,0,42.1,23.2,79.6,1016.1,20.3,6.8,10,06:33:52,18:29:05,Partially cloudy,Partly cloudy throughout the day.
05-03-2025,33.0,18.9,26.3,25.7,46.6,12.6,0.0,0,0,32.0,16.6,79.6,1016.1,16.5,6.7,10,06:33:17,18:29:13,Clear,Clear conditions throughout the day.
06-03-2025,32.9,19.0,26.5,26.2,49.5,14.1,0.0,0,0,23.8,11.1,54.4,1016.8,19.3,6.8,10,06:32:42,18:29:20,Clear,Clear conditions throughout the day.
07-03-2025,33.9,18.9,26.1,25.4,40.7,9.7,0.0,0,0,21.6,11.2,68.0,1015.2,3.3,6.4,10,06:32:06,18:29:28,Clear,Clear conditions throughout the day.
08-03-2025,33.0,18.0,26.0,25.5,43.5,11.2,0.0,0,0,22.0,16.3,85.7,1014.1,12.5,6.3,10,06:31:30,18:29:35,Clear,Clear conditions throughout the day.
09-03-2025,33.6,18.9,26.0,25.3,49.6,12.8,0.0,0,0,34.2,22.6,91.5,1014.7,5.6,6.4,10,06:30:53,18:29:41,Clear,Clear conditions throughout the day.
10-03-2025,30.9,18.0,24.1,24.0,61.7,15.4,0.0,0,0,38.2,22.5,85.3,1017.3,14.3,6.5,10,06:30:16,18:29:47,Clear,Clear conditions throughout the day.
11-03-2025,31.1,17.9,23.8,24.0,72.1,17.9,0.3,100,0,42.5,24.1,91.3,1017.6,37.0,6.3,9,06:29:39,18:29:53,"Rain, Partially cloudy",Becoming cloudy in the afternoon with afternoon rain.
12-03-2025,31.7,20.0,25.0,25.5,71.6,19.0,2.9,100,0,43.2,23.9,95.6,1016.3,42.4,6.9,8,06:29:01,18:29:59,"Rain, Partially cloudy",Partly cloudy throughout the day with afternoon rain.
13-03-2025,33.9,19.0,26.4,25.9,59.0,15.2,0.0,0,0,29.5,22.1,97.9,1015.7,21.2,6.9,10,06:28:23,18:30:05,Partially cloudy,Partly cloudy throughout the day.
14-03-2025,35.0,18.9,27.2,26.5,52.3,13.8,0.0,0,0,32.8,22.5,96.0,1015.7,8.0,6.8,10,06:27:45,18:30:10,Clear,Clear conditions throughout the day.
15-03-2025,33.9,17.0,26.8,25.8,46.1,11.0,0.0,0,0,32.0,22.1,89.4,1016.3,4.4,6.9,10,06:27:06,18:30:15,Clear,Clear conditions throughout the day.
16-03-2025,33.1,18.8,26.3,26.3,58.2,16.4,0.0,0,0,24.8,13.2,119.7,1016.6,11.7,7.1,10,06:26:27,18:30:20,Clear,Clear conditions throughout the day.
17-03-2025,34.9,21.0,27.5,28.0,61.0,18.4,0.0,0,0,22.0,11.5,190.9,1016.1,28.6,6.4,10,06:25:48,18:30:24,Partially cloudy,Partly cloudy throughout the day.
18-03-2025,34.3,22.9,27.9,28.0,56.6,17.4,0.0,0,0,28.4,18.4,116.6,1015.9,18.5,6.8,10,06:25:09,18:30:29,Clear,Clear conditions throughout the day.
19-03-2025,33.3,22.0,26.7,26.8,61.9,17.9,0.0,0,0,29.2,16.3,127.4,1017.6,23.5,6.7,10,06:24:30,18:30:33,Partially cloudy,Partly cloudy throughout the day.
20-03-2025,33.6,21.0,26.5,26.3,58.1,16.4,0.0,0,0,32.0,14.8,121.6,1018.9,21.2,6.7,10,06:23:50,18:30:37,Partially cloudy,Partly cloudy throughout the day.
21-03-2025,31.9,20.0,26.4,26.6,62.2,17.8,0.0,0,0,24.8,13.1,128.0,1018.9,30.0,6.7,10,06:23:10,18:30:41,Partially cloudy,Partly cloudy throughout the day.
22-03-2025,32.6,20.4,24.6,25.2,75.3,19.6,12.0,100,0,28.8,18.4,153.4,1018.0,48.0,5.8,8,06:22:31,18:30:45,"Rain, Partially cloudy",Partly cloudy throughout the day with rain.
23-03-2025,30.9,20.1,25.1,25.8,73.1,19.6,4.2,100,0,25.9,18.1,104.0,1017.9,62.5,5.4,8,06:21:51,18:30:49,"Rain, Partially cloudy",Partly cloudy throughout the day with rain.
24-03-2025,31.9,22.0,26.5,26.7,64.1,18.4,0.1,100,0,27.7,22.3,94.9,1017.3,53.7,6.4,9,06:21:11,18:30:53,"Rain, Partially cloudy",Partly cloudy throughout the day with afternoon rain.
25-03-2025,32.9,21.0,26.7,26.6,60.3,17.2,0.0,0,0,23.8,18.4,106.4,1015.0,36.5,6.1,9,06:20:31,18:30:56,Partially cloudy,Partly cloudy throughout the day.
26-03-2025,33.0,21.0,27.1,26.9,53.5,15.8,0.0,0,0,21.2,14.8,100.6,1013.9,32.1,6.7,9,06:19:51,18:31:00,Partially cloudy,Partly cloudy throughout the day.
27-03-2025,33.8,20.9,27.3,27.3,54.1,16.4,0.0,0,0,22.7,14.8,194.0,1013.9,28.6,6.7,9,06:19:11,18:31:04,Partially cloudy,Partly cloudy throughout the day.
28-03-2025,33.1,21.9,27.9,27.9,52.6,16.4,0.0,0,0,23.0,16.4,106.7,1013.4,31.5,6.5,8,06:18:32,18:31:07,Partially cloudy,Partly cloudy throughout the day.
29-03-2025,34.0,20.9,28.0,27.3,42.0,12.5,0.0,0,0,25.6,18.4,102.4,1013.4,5.0,6.3,10,06:17:52,18:31:11,Clear,Clear conditions throughout the day.
30-03-2025,34.0,19.9,27.3,26.5,34.7,9.2,0.0,0,0,29.2,14.9,115.6,1014.4,5.5,6.7,10,06:17:12,18:31:15,Clear,Clear conditions throughout the day.
31-03-2025,33.0,19.0,27.0,26.4,41.0,11.7,0.0,0,0,34.2,20.3,91.9,1014.2,20.4,6.8,10,06:16:33,18:31:18,Partially cloudy,Partly cloudy throughout the day.
01-04-2025,31.8,19.9,25.7,25.7,60.7,16.7,0.0,0,0,29.9,20.4,108.2,1013.5,37.4,6.0,10,06:15:53,18:31:22,Partially cloudy,Partly cloudy throughout the day.
02-04-2025,31.8,20.9,26.1,26.4,64.4,18.2,0.0,0,0,29.9,16.5,127.9,1014.4,38.5,5.9,9,06:15:14,18:31:26,Partially cloudy,Partly cloudy throughout the day.
03-04-2025,28.0,19.3,23.7,23.9,81.3,20.2,4.0,100,0,26.3,23.5,137.4,1016.7,62.3,5.5,9,06:14:35,18:31:30,"Rain, Partially cloudy",Partly cloudy throughout the day with afternoon rain.
04-04-2025,32.0,21.9,25.7,26.0,71.1,19.6,2.4,100,0,27.7,22.1,56.3,1016.7,62.2,6.4,10,06:13:56,18:31:34,"Rain, Partially cloudy",Partly cloudy throughout the day with rain.
05-04-2025,32.4,21.0,26.7,27.1,64.1,18.6,2.2,100,0,26.3,17.9,113.0,1015.6,48.9,6.8,9,06:13:17,18:31:38,"Rain, Partially cloudy",Partly cloudy throughout the day with rain.
06-04-2025,32.9,22.7,27.3,27.7,62.2,18.7,0.2,100,0,27.4,18.5,73.6,1014.5,54.5,6.6,9,06:12:39,18:31:43,"Rain, Partially cloudy",Partly cloudy throughout the day with rain clearing later.
07-04-2025,34.0,22.0,27.7,27.5,59.1,17.4,0.1,100,0,31.0,25.8,93.7,1014.9,32.7,6.2,10,06:12:01,18:31:47,"Rain, Partially cloudy",Partly cloudy throughout the day with late afternoon rain.
08-04-2025,34.0,21.9,27.8,27.7,57.2,17.2,0.0,0,0,29.5,20.4,89.6,1015.6,27.1,6.7,10,06:11:23,18:31:52,Partially cloudy,Partly cloudy throughout the day.
09-04-2025,33.9,21.0,27.4,27.2,54.6,16.3,0.0,0,0,27.0,18.0,77.8,1015.0,31.2,6.8,10,06:10:46,18:31:56,Partially cloudy,Partly cloudy throughout the day.
10-04-2025,32.3,22.0,27.2,28.0,63.9,19.4,0.1,100,0,28.4,24.1,245.9,1013.1,44.4,6.7,10,06:10:09,18:32:01,"Rain, Partially cloudy",Partly cloudy throughout the day with late afternoon rain.
11-04-2025,31.9,22.1,26.4,27.0,63.8,18.6,1.0,100,0,31.3,24.0,253.9,1013.0,44.9,6.3,9,06:09:32,18:32:06,"Rain, Partially cloudy",Partly cloudy throughout the day with late afternoon rain.
12-04-2025,32.9,20.0,25.6,26.1,67.7,18.6,4.0,100,0,27.4,21.7,251.2,1014.0,46.0,6.6,10,06:08:55,18:32:12,"Rain, Partially cloudy",Partly cloudy throughout the day with late afternoon rain.
13-04-2025,33.0,21.0,26.0,25.9,59.6,16.6,0.3,100,0,29.5,25.1,90.6,1014.7,61.3,6.7,10,06:08:19,18:32:17,"Rain, Partially cloudy",Partly cloudy throughout the day with rain.
14-04-2025,32.6,20.1,25.7,26.0,65.6,18.2,6.0,100,0,27.4,13.0,103.7,1014.5,45.5,6.2,10,06:07:44,18:32:23,"Rain, Partially cloudy",Becoming cloudy in the afternoon with rain.
15-04-2025,33.9,22.0,27.1,27.3,57.3,17.1,0.8,100,0,51.8,13.4,183.5,1016.0,50.0,6.5,10,06:07:09,18:32:29,"Rain, Partially cloudy",Partly cloudy throughout the day with late afternoon rain.
16-04-2025,32.9,20.7,24.9,25.4,74.5,19.6,12.2,100,0,25.9,25.9,184.2,1014.8,54.7,6.0,9,06:06:34,18:32:36,"Rain, Partially cloudy",Partly cloudy throughout the day with rain.
17-04-2025,32.9,20.7,26.3,27.2,68.9,19.6,0.8,100,0,25.2,12.7,221.5,1013.9,43.4,6.8,9,06:06:00,18:32:42,"Rain, Partially cloudy",Partly cloudy throughout the day with rain.
18-04-2025,31.8,23.0,26.3,27.3,73.6,21.0,0.6,100,0,26.3,25.9,194.3,1015.1,67.1,6.3,10,06:05:26,18:32:49,"Rain, Partially cloudy",Partly cloudy throughout the day with late afternoon rain.
19-04-2025,32.8,22.0,26.5,27.5,69.9,20.2,0.1,100,0,23.0,21.6,260.1,1014.8,52.6,6.4,9,06:04:53,18:32:56,"Rain, Partially cloudy",Partly cloudy throughout the day with afternoon rain.
20-04-2025,33.0,22.9,26.1,27.0,75.0,21.0,1.0,100,0,37.1,22.0,243.2,1013.8,45.9,6.5,10,06:04:20,18:33:04,"Rain, Partially cloudy",Becoming cloudy in the afternoon with afternoon rain.
21-04-2025,33.0,20.9,27.1,27.8,62.5,18.7,0.0,0,0,26.3,15.1,98.6,1015.2,34.7,6.6,9,06:03:48,18:33:11,Partially cloudy,Partly cloudy throughout the day.
22-04-2025,34.0,21.0,27.6,27.8,57.6,17.4,0.0,0,0,25.2,18.5,113.3,1015.9,14.4,6.4,10,06:03:16,18:33:19,Clear,Clear conditions throughout the day.
23-04-2025,34.9,22.9,28.8,29.1,55.7,18.0,0.0,0,0,20.5,18.2,136.4,1014.5,26.7,7.1,10,06:02:45,18:33:28,Partially cloudy,Partly cloudy throughout the day.
24-04-2025,35.1,23.0,28.7,29.2,59.3,18.7,0.0,0,0,21.6,18.0,188.2,1013.3,29.6,6.7,10,06:02:15,18:33:36,Partially cloudy,Partly cloudy throughout the day.
25-04-2025,34.0,24.0,28.6,29.2,58.8,18.9,0.0,0,0,23.4,12.5,172.0,1013.6,35.3,6.3,10,06:01:45,18:33:45,Partially cloudy,Partly cloudy throughout the day.
26-04-2025,32.9,23.9,28.1,29.1,61.2,19.5,0.0,0,0,29.5,14.6,135.3,1013.4,38.1,6.7,10,06:01:16,18:33:54,Partially cloudy,Partly cloudy throughout the day.
27-04-2025,33.0,22.9,28.0,28.7,61.4,19.1,0.0,0,0,20.5,18.2,130.9,1014.1,45.5,6.8,9,06:00:48,18:34:04,Partially cloudy,Partly cloudy throughout the day.
28-04-2025,33.3,22.9,27.6,28.6,63.6,19.5,0.0,0,0,31.0,16.3,118.0,1013.3,49.6,6.7,9,06:00:20,18:34:14,Partially cloudy,Partly cloudy throughout the day.
29-04-2025,33.9,23.9,28.4,29.3,60.5,19.3,0.1,100,0,22.3,18.2,138.0,1012.8,43.8,6.6,9,05:59:53,18:34:24,"Rain, Partially cloudy",Partly cloudy throughout the day with afternoon rain.
30-04-2025,33.1,23.0,27.2,28.0,64.2,19.5,4.0,100,0,23.4,14.6,213.5,1013.5,51.3,6.5,9,05:59:27,18:34:35,"Rain, Partially cloudy",Partly cloudy throughout the day with afternoon rain.
01-05-2025,33.0,21.1,26.4,26.9,65.9,18.9,21.0,100,0,23.4,20.1,221.3,1014.5,51.0,7.0,10,05:59:01,18:34:46,"Rain, Partially cloudy",Partly cloudy throughout the day with rain.
02-05-2025,33.0,20.1,25.1,26.2,76.2,20.2,6.0,100,0,25.9,22.6,240.9,1014.5,59.7,6.2,9,05:58:36,18:34:57,"Rain, Partially cloudy",Partly cloudy throughout the day with rain.
03-05-2025,32.0,20.4,26.2,27.0,66.7,19.1,7.3,100,0,26.6,14.9,258.6,1014.2,39.8,6.8,10,05:58:12,18:35:09,"Rain, Partially cloudy",Partly cloudy throughout the day with rain.
04-05-2025,33.0,21.9,27.1,28.0,66.1,19.7,0.2,100,0,31.0,18.2,267.4,1013.3,39.9,6.8,10,05:57:48,18:35:21,"Rain, Partially cloudy",Partly cloudy throughout the day with early morning rain.
05-05-2025,32.2,22.0,27.2,28.4,65.7,19.8,0.0,0,0,22.0,14.4,203.0,1013.1,40.2,6.7,10,05:57:26,18:35:33,Partially cloudy,Partly cloudy throughout the day.
06-05-2025,33.9,22.0,27.8,27.9,56.1,17.2,0.0,0,0,26.3,22.1,268.3,1013.4,38.0,6.9,10,05:57:04,18:35:46,Partially cloudy,Partly cloudy throughout the day.
07-05-2025,32.9,23.9,27.6,28.1,62.1,19.1,0.0,0,0,28.8,16.6,253.0,1013.0,49.7,6.6,9,05:56:43,18:35:59,Partially cloudy,Partly cloudy throughout the day.
08-05-2025,32.0,22.0,27.0,27.4,61.6,18.5,0.0,0,0,27.0,22.1,239.6,1013.2,46.6,7.0,10,05:56:22,18:36:12,Partially cloudy,Partly cloudy throughout the day.
09-05-2025,32.0,22.0,27.0,27.3,58.1,17.7,0.0,0,0,21.2,16.6,280.2,1013.9,41.1,6.9,10,05:56:03,18:36:26,Partially cloudy,Partly cloudy throughout the day.
10-05-2025,32.1,22.9,26.8,27.2,63.2,18.8,0.1,100,0,20.9,18.4,251.0,1014.0,55.0,6.7,8,05:55:44,18:36:40,"Rain, Partially cloudy",Partly cloudy throughout the day with late afternoon rain.
11-05-2025,33.0,23.0,26.6,27.3,65.6,19.3,0.1,100,0,20.9,18.4,264.3,1013.4,52.5,6.4,8,05:55:26,18:36:54,"Rain, Partially cloudy",Partly cloudy throughout the day with afternoon rain.
12-05-2025,33.0,21.0,27.1,27.8,66.5,19.8,0.3,100,0,28.1,20.4,249.1,1012.1,47.8,7.1,9,05:55:09,18:37:09,"Rain, Partially cloudy",Partly cloudy throughout the day with late afternoon rain.
13-05-2025,31.6,21.0,24.4,24.9,81.1,20.5,40.7,100,0,30.6,21.6,259.9,1012.1,61.7,6.1,9,05:54:53,18:37:24,"Rain, Partially cloudy",Partly cloudy throughout the day with rain.
14-05-2025,31.9,20.3,25.5,26.6,74.9,20.3,8.7,100,0,31.7,27.0,275.3,1012.7,49.4,6.9,9,05:54:37,18:37:39,"Rain, Partially cloudy",Partly cloudy throughout the day with a chance of rain throughout the day.
15-05-2025,31.0,19.0,25.1,26.2,76.5,20.3,17.0,100,0,21.2,20.6,276.3,1013.2,68.2,6.8,9,05:54:23,18:37:54,"Rain, Partially cloudy",Partly cloudy throughout the day with rain.
16-05-2025,30.0,21.0,25.1,26.0,77.7,20.8,1.0,100,0,23.4,14.8,269.6,1012.7,60.3,6.7,10,05:54:09,18:38:10,"Rain, Partially cloudy",Partly cloudy throughout the day with afternoon rain.
17-05-2025,29.9,21.0,24.3,25.3,84.6,21.3,45.0,100,0,32.4,18.2,270.5,1012.3,73.3,5.9,9,05:53:57,18:38:26,"Rain, Partially cloudy",Partly cloudy throughout the day with rain.
18-05-2025,29.9,21.0,24.7,25.5,82.2,21.2,10.0,100,0,35.3,15.1,283.5,1011.1,72.1,6.5,7,05:53:45,18:38:42,"Rain, Partially cloudy",Partly cloudy throughout the day with late afternoon rain.
19-05-2025,28.0,21.0,23.3,23.5,88.1,21.2,118.0,100,0,24.1,18.7,273.4,1009.9,90.5,5.5,4,05:53:34,18:38:59,"Rain, Overcast",Cloudy skies throughout the day with rain.
20-05-2025,26.0,21.1,23.0,23.0,89.3,21.1,26.0,100,0,37.4,15.3,254.6,1009.7,85.1,6.0,7,05:53:23,18:39:16,"Rain, Partially cloudy",Partly cloudy throughout the day with rain in the morning and afternoon.
21-05-2025,27.0,21.0,23.3,23.4,82.0,19.9,1.8,100,0,49.7,22.6,252.1,1011.1,71.6,6.3,7,05:53:14,18:39:32,"Rain, Partially cloudy",Partly cloudy throughout the day with afternoon rain.
22-05-2025,29.0,21.0,24.4,24.7,75.5,19.5,0.2,100,0,41.8,24.2,246.1,1011.6,66.3,6.4,8,05:53:05,18:39:50,"Rain, Partially cloudy",Partly cloudy throughout the day with afternoon rain.
23-05-2025,28.0,21.0,24.0,24.3,81.6,20.5,1.0,100,0,50.0,29.4,235.0,1009.7,54.3,6.5,8,05:52:58,18:40:07,"Rain, Partially cloudy",Partly cloudy throughout the day with afternoon rain.
24-05-2025,26.0,22.0,23.7,23.7,80.9,20.1,0.4,100,0,64.4,33.5,231.4,1008.3,87.3,7.1,6,05:52:51,18:40:24,"Rain, Partially cloudy",Partly cloudy throughout the day with afternoon rain.
25-05-2025,27.0,21.0,23.2,23.4,83.8,20.2,0.8,100,0,61.2,44.6,237.9,1008.8,81.3,7.5,5,05:52:45,18:40:42,"Rain, Partially cloudy",Partly cloudy throughout the day with afternoon rain.
26-05-2025,27.0,21.0,22.8,22.9,85.5,20.2,5.0,100,0,70.2,33.3,245.3,1009.3,82.4,6.0,5,05:52:40,18:41:00,"Rain, Partially cloudy",Partly cloudy throughout the day with afternoon rain.
27-05-2025,28.0,20.0,23.6,24.0,83.8,20.5,3.3,100,0,66.2,31.7,253.3,1008.6,73.4,6.7,6,05:52:36,18:41:17,"Rain, Partially cloudy",Partly cloudy throughout the day with a chance of rain throughout the day.
28-05-2025,28.0,21.0,23.3,23.6,84.0,20.4,2.0,100,0,62.6,35.4,257.0,1008.7,76.6,6.6,5,05:52:32,18:41:35,"Rain, Partially cloudy",Partly cloudy throughout the day with afternoon rain.
29-05-2025,26.0,21.0,23.1,23.1,85.6,20.5,0.2,100,0,50.0,33.1,245.5,1008.2,79.2,6.1,4,05:52:30,18:41:53,"Rain, Partially cloudy",Partly cloudy throughout the day with afternoon rain.
30-05-2025,26.9,21.0,23.2,23.3,87.5,21.0,3.0,100,0,43.2,26.0,245.6,1009.4,83.7,5.8,2,05:52:28,18:42:11,"Rain, Partially cloudy",Partly cloudy throughout the day with late afternoon rain.
31-05-2025,29.0,21.0,24.4,25.0,80.5,20.7,0.0,0,0,49.3,26.0,251.5,1012.6,67.2,6.6,7,05:52:27,18:42:29,Partially cloudy,Partly cloudy throughout the day.
01-06-2025,30.0,21.0,25.0,25.7,76.7,20.3,0.0,0,0,42.8,26.0,254.1,1014.1,42.3,7.2,8,05:52:27,18:42:47,Partially cloudy,Partly cloudy throughout the day.
02-06-2025,29.9,21.0,24.3,24.9,77.8,19.9,0.2,100,0,45.4,29.5,245.6,1013.7,53.2,6.7,7,05:52:28,18:43:05,"Rain, Partially cloudy",Partly cloudy throughout the day with afternoon rain.
03-06-2025,28.0,21.0,24.1,24.5,80.7,20.4,3.8,100,0,49.0,26.1,244.4,1013.5,50.6,6.7,8,05:52:29,18:43:23,"Rain, Partially cloudy",Partly cloudy throughout the day with rain in the morning and afternoon.
04-06-2025,30.3,21.0,25.2,25.7,71.8,19.3,0.8,100,0,35.6,22.3,264.5,1013.6,50.2,7.0,8,05:52:32,18:43:41,"Rain, Partially cloudy",Partly cloudy throughout the day with afternoon rain.
05-06-2025,31.0,20.0,25.5,25.9,70.6,19.2,0.0,0,0,33.5,22.3,273.9,1014.2,45.0,7.1,10,05:52:35,18:43:59,Partially cloudy,Partly cloudy throughout the day.
06-06-2025,30.9,22.9,26.5,27.1,65.8,19.3,0.0,0,0,27.0,16.4,263.7,1014.7,44.1,6.9,9,05:52:38,18:44:17,Partially cloudy,Partly cloudy throughout the day.
07-06-2025,31.0,22.0,26.2,27.0,68.8,19.7,0.0,0,0,31.7,20.4,255.2,1014.7,43.7,7.0,10,05:52:43,18:44:34,Partially cloudy,Partly cloudy throughout the day.
08-06-2025,31.0,22.0,26.3,27.1,69.6,19.9,0.4,100,0,35.6,18.4,266.2,1013.6,43.4,6.9,8,05:52:48,18:44:52,"Rain, Partially cloudy",Partly cloudy throughout the day with late afternoon rain.
09-06-2025,29.6,22.0,24.4,24.7,81.8,20.9,3.6,100,0,45.4,18.8,263.7,1012.6,68.9,6.4,9,05:52:54,18:45:09,"Rain, Partially cloudy",Partly cloudy throughout the day with rain.
10-06-2025,30.9,21.3,25.2,25.9,77.6,20.7,31.0,100,0,33.1,26.0,271.3,1010.0,49.3,7.2,10,05:53:01,18:45:26,"Rain, Partially cloudy",Partly cloudy throughout the day with late afternoon rain.
11-06-2025,28.9,21.0,23.7,24.2,85.8,21.0,5.0,100,0,33.1,22.3,263.6,1009.0,86.5,5.9,8,05:53:08,18:45:43,"Rain, Partially cloudy",Partly cloudy throughout the day with rain.
12-06-2025,27.9,21.0,23.9,24.2,82.6,20.6,3.3,100,0,35.3,24.4,243.9,1007.9,74.0,6.7,7,05:53:16,18:45:59,"Rain, Partially cloudy",Partly cloudy throughout the day with a chance of rain throughout the day.
13-06-2025,26.9,21.0,23.6,23.8,84.8,20.8,0.1,100,0,41.0,18.6,236.7,1008.7,76.3,7.2,8,05:53:24,18:46:16,"Rain, Partially cloudy",Partly cloudy throughout the day with afternoon rain.
14-06-2025,26.9,20.0,23.0,23.1,85.7,20.4,1.0,100,0,53.6,31.3,235.3,1010.0,80.6,6.3,7,05:53:33,18:46:32,"Rain, Partially cloudy",Partly cloudy throughout the day with afternoon rain.
15-06-2025,27.9,20.0,22.6,22.8,84.3,19.8,0.1,100,0,60.8,35.4,238.8,1009.3,74.7,6.1,4,05:53:43,18:46:47,"Rain, Partially cloudy",Partly cloudy throughout the day with late afternoon rain.
16-06-2025,27.0,20.0,22.9,23.0,81.2,19.4,9.0,100,0,59.0,33.6,243.9,1010.4,80.8,6.8,2,05:53:53,18:47:02,"Rain, Partially cloudy",Partly cloudy throughout the day with a chance of rain throughout the day.
17-06-2025,26.1,21.0,23.1,23.1,85.1,20.4,1.0,100,0,52.2,29.4,245.2,1012.5,68.7,6.5,7,05:54:04,18:47:17,"Rain, Partially cloudy",Partly cloudy throughout the day with rain.
18-06-2025,28.0,20.9,23.4,23.7,83.0,20.2,2.0,100,0,50.4,24.1,241.2,1012.8,70.1,6.4,8,05:54:16,18:47:32,"Rain, Partially cloudy",Partly cloudy throughout the day with afternoon rain.
19-06-2025,28.1,20.9,24.2,24.6,77.3,19.8,0.0,0,0,47.9,28.0,248.8,1012.7,52.8,6.8,8,05:54:27,18:47:46,Partially cloudy,Partly cloudy throughout the day.
20-06-2025,30.0,21.0,24.9,25.6,76.7,20.2,0.1,100,0,42.1,27.8,248.3,1013.4,50.0,6.9,10,05:54:40,18:47:59,"Rain, Partially cloudy",Partly cloudy throughout the day with afternoon rain.
21-06-2025,29.9,21.0,24.7,25.1,76.5,20.0,0.1,100,0,39.6,29.7,252.4,1013.5,55.4,6.7,9,05:54:53,18:48:12,"Rain, Partially cloudy",Partly cloudy throughout the day with late afternoon rain.
22-06-2025,28.0,21.0,23.5,23.8,82.1,20.1,7.0,100,0,43.9,27.6,248.8,1012.8,59.5,6.4,9,05:55:06,18:48:25,"Rain, Partially cloudy",Partly cloudy throughout the day with late afternoon rain.
23-06-2025,27.9,20.0,23.5,23.8,77.4,19.2,1.2,100,0,49.7,33.6,246.0,1012.2,72.6,6.4,6,05:55:19,18:48:37,"Rain, Partially cloudy",Partly cloudy throughout the day with rain.
24-06-2025,27.9,21.0,23.6,23.8,80.6,19.9,1.6,100,0,59.4,33.6,245.1,1010.9,62.0,6.7,8,05:55:33,18:48:49,"Rain, Partially cloudy",Partly cloudy throughout the day with rain in the morning and afternoon.
25-06-2025,27.1,21.0,23.5,23.7,83.1,20.4,1.5,100,0,52.6,29.7,243.3,1010.9,76.3,6.4,7,05:55:48,18:48:59,"Rain, Partially cloudy",Partly cloudy throughout the day with rain.
26-06-2025,27.9,21.0,23.9,24.3,81.6,20.4,6.3,100,0,53.3,26.3,237.8,1011.1,84.9,6.4,7,05:56:02,18:49:10,"Rain, Partially cloudy",Partly cloudy throughout the day with rain.
27-06-2025,29.9,21.0,24.0,24.6,79.9,20.2,0.6,100,0,47.9,28.0,240.6,1012.3,74.0,6.5,9,05:56:17,18:49:20,"Rain, Partially cloudy",Partly cloudy throughout the day with late afternoon rain.
28-06-2025,29.0,21.0,24.2,24.6,80.2,20.4,1.4,100,0,46.1,22.6,243.3,1012.8,79.2,6.4,9,05:56:33,18:49:29,"Rain, Partially cloudy",Partly cloudy throughout the day with rain in the morning and afternoon.
29-06-2025,29.9,21.0,24.6,25.0,75.0,19.6,0.0,0,0,49.0,31.7,251.6,1012.2,66.4,6.6,10,05:56:48,18:49:37,Partially cloudy,Partly cloudy throughout the day.
30-06-2025,29.0,20.0,24.3,24.8,75.3,19.4,0.0,0,0,44.6,35.2,255.1,1011.7,58.3,6.7,9,05:57:04,18:49:45,Partially cloudy,Partly cloudy throughout the day.
01-07-2025,26.1,21.0,23.3,23.3,81.0,19.8,0.8,100,0,42.5,27.6,252.5,1012.1,69.1,6.0,9,05:57:20,18:49:52,"Rain, Partially cloudy",Partly cloudy throughout the day with afternoon rain.
02-07-2025,27.9,21.0,23.4,23.7,83.6,20.3,0.4,100,0,50.4,26.2,248.0,1011.9,78.6,6.4,7,05:57:36,18:49:58,"Rain, Partially cloudy",Partly cloudy throughout the day with late afternoon rain.
03-07-2025,27.0,20.7,23.0,23.1,83.7,20.0,4.5,100,0,46.4,27.6,249.0,1012.6,81.0,6.1,6,05:57:53,18:50:04,"Rain, Partially cloudy",Partly cloudy throughout the day with a chance of rain throughout the day.
04-07-2025,28.0,21.0,23.9,24.3,78.5,19.8,0.4,100,0,51.8,27.9,246.3,1013.4,67.5,6.4,8,05:58:09,18:50:09,"Rain, Partially cloudy",Partly cloudy throughout the day with rain.
05-07-2025,27.0,19.9,23.2,23.3,82.6,20.0,0.6,100,0,49.7,33.6,248.1,1013.2,74.2,6.7,9,05:58:26,18:50:13,"Rain, Partially cloudy",Partly cloudy throughout the day with rain.
06-07-2025,27.0,20.0,23.2,23.3,83.4,20.1,0.7,100,0,54.0,35.25,247.2,1012.3,73.9,6.1,8,05:58:42,18:50:16,"Rain, Partially cloudy",Partly cloudy throughout the day with rain.
07-07-2025,28.0,20.7,23.7,24.1,78.8,19.7,0.8,100,0,57.6,36.9,250.2,1012.2,64.0,6.5,6,05:58:59,18:50:19,"Rain, Partially cloudy",Partly cloudy throughout the day with rain in the morning and afternoon.
08-07-2025,29.0,20.9,24.3,24.8,77.1,19.8,1.8,100,0,50.0,29.2,246.4,1012.7,65.7,6.6,10,05:59:16,18:50:21,"Rain, Partially cloudy",Partly cloudy throughout the day with rain.
09-07-2025,30.0,20.0,24.6,25.2,76.4,19.9,0.2,100,0,47.9,27.8,251.7,1013.0,60.0,6.7,10,05:59:33,18:50:22,"Rain, Partially cloudy",Partly cloudy throughout the day with rain.
10-07-2025,29.9,20.0,24.0,24.6,81.7,20.5,0.1,100,0,38.2,24.0,254.5,1012.3,70.5,6.5,8,05:59:49,18:50:22,"Rain, Partially cloudy",Partly cloudy throughout the day with afternoon rain.
11-07-2025,29.1,21.0,23.3,23.7,85.2,20.5,7.0,100,0,31.3,29.5,253.9,1012.1,61.4,6.7,9,06:00:06,18:50:21,"Rain, Partially cloudy",Partly cloudy throughout the day with afternoon rain.
12-07-2025,28.0,21.0,23.4,23.6,83.4,20.3,1.0,100,0,34.2,22.6,261.5,1012.7,70.5,6.3,7,06:00:23,18:50:19,"Rain, Partially cloudy",Partly cloudy throughout the day with afternoon rain.
13-07-2025,28.0,21.0,23.7,24.2,83.1,20.4,33.0,100,0,36.7,22.3,251.6,1012.8,77.9,6.9,9,06:00:40,18:50:17,"Rain, Partially cloudy",Partly cloudy throughout the day with late afternoon rain.
14-07-2025,29.1,20.0,23.6,23.8,80.7,19.9,0.1,100,0,39.2,33.5,246.6,1012.7,63.4,6.9,9,06:00:56,18:50:14,"Rain, Partially cloudy",Partly cloudy throughout the day with afternoon rain.
15-07-2025,28.0,20.0,23.6,23.9,80.1,19.8,2.3,100,0,46.1,27.7,251.3,1011.7,66.7,7.6,7,06:01:13,18:50:09,"Rain, Partially cloudy",Partly cloudy throughout the day with a chance of rain throughout the day.
16-07-2025,29.9,20.9,23.6,24.0,82.9,20.3,10.7,100,0,32.8,22.2,254.6,1010.9,64.7,5.7,8,06:01:29,18:50:04,"Rain, Partially cloudy",Partly cloudy throughout the day with rain.
17-07-2025,28.9,21.0,23.7,24.2,84.1,20.6,13.6,100,0,30.6,22.5,250.9,1011.2,82.9,5.7,8,06:01:45,18:49:58,"Rain, Partially cloudy",Partly cloudy throughout the day with a chance of rain throughout the day.
18-07-2025,27.9,20.0,23.0,23.2,84.0,20.0,17.8,100,0,27.7,27.7,264.9,1011.1,76.6,6.4,7,06:02:01,18:49:52,"Rain, Partially cloudy",Partly cloudy throughout the day with a chance of rain throughout the day.
19-07-2025,25.9,20.0,22.0,22.0,85.7,19.5,9.5,100,0,40.7,20.6,269.0,1008.9,67.4,7.3,4,06:02:17,18:49:44,"Rain, Partially cloudy",Partly cloudy throughout the day with a chance of rain throughout the day.
20-07-2025,27.0,20.0,22.4,22.6,87.2,20.0,1.3,100,0,40.7,24.1,252.5,1009.2,80.0,6.0,7,06:02:32,18:49:35,"Rain, Partially cloudy",Partly cloudy throughout the day with rain.
21-07-2025,25.9,20.0,21.9,21.9,88.9,19.9,1.5,100,0,43.6,24.3,252.1,1010.2,78.9,5.7,3,06:02:48,18:49:26,"Rain, Partially cloudy",Partly cloudy throughout the day with a chance of rain throughout the day.
22-07-2025,26.0,20.0,21.8,21.8,85.5,19.1,1.9,100,0,54.0,32.8,256.5,1009.6,90.4,13.8,8,06:03:03,18:49:15,"Rain, Overcast",Cloudy skies throughout the day with a chance of rain throughout the day.
